{
  "norm_stats": {
    "state": {
      "mean": [
        -0.0465192347764969,
        0.0344090573489666,
        0.764551401138306,
        2.9722785949707,
        -0.220471188426018,
        -0.125579327344894,
        0.0269142054021359,
        -0.0271905586123467
      ],
      "std": [
        0.104943290352821,
        0.15176559984684,
        0.378529936075211,
        0.343920588493347,
        0.906934261322022,
        0.325394779443741,
        0.0141753861680627,
        0.0140576101839542
      ],
      "q01": [
        -0.399505138397217,
        -0.269308209419251,
        0.0380015932023525,
        1.50036311149597,
        -2.74261069297791,
        -1.08713412284851,
        0.00173520005773753,
        -0.0401744544506073
      ],
      "q99": [
        0.134904235601425,
        0.335519731044769,
        1.26607048511505,
        3.27053236961365,
        2.39535331726074,
        0.595215320587158,
        0.0402946025133133,
        -0.00178783759474754
      ]
    },
    "actions": {
      "mean": [
        0.101674444973469,
        0.0532861351966858,
        -0.851894676685333,
        -2.97164416313171,
        0.225944697856903,
        0.12003830820322,
        -0.0456255152821541
      ],
      "std": [
        0.370898514986038,
        0.405524104833603,
        0.623027205467224,
        0.348600000143051,
        0.909361481666565,
        0.344899624586105,
        0.998958587646484
      ],
      "q01": [
        -0.726237773895264,
        -0.867085933685303,
        -2.06975698471069,
        -3.30638432502747,
        -2.42497491836548,
        -0.617725312709808,
        -1
      ],
      "q99": [
        1.07889318466187,
        0.964804768562317,
        0.791494369506836,
        -1.49153900146484,
        2.7216911315918,
        1.13104474544525,
        0.999599933624268
      ]
    }
  }
}